
{
    "name":"Daegu Metro",
    "lines":[
        {
            "name":"Line 3",
            "circular":false,
            "color":{
                "red":1.0,
                "green":1.0,
                "blue":0.3019607961177826,
                "alpha":1.0
            },
            "station_names":[
                "KNU Medical Center",
                "Hakjeong",
                "Palgeo",
                "Seomun Market",
                "Sinnam",
                "Namsan",
                "Myeong-deok",
                "Geon-deulbawi",
                "Daebonggyo",
                "Suseong Market",
                "Jisan",
                "Beommul",
                "Yongji"
            ]
        },
        {
            "name":"Line 2",
            "circular":false,
            "color":{
                "red":0.501960813999176,
                "green":0.7019608020782471,
                "blue":0.501960813999176,
                "alpha":1.0
            },
            "station_names":[
                "Yeungnam University",
                "Imdang",
                "Jeongpyeong",
                "Sawol",
                "Sinmae",
                "Daegu Bank",
                "Banwoldang",
                "Sinnam",
                "Bangogae",
                "Dasa",
                "Munyang"
            ]
        },
        {
            "name":"Line 1",
            "circular":false,
            "color":{
                "red":0.7019608020782471,
                "green":0.3019607961177826,
                "blue":0.10196078568696976,
                "alpha":1.0
            },
            "station_names":[
                "Seolhwa-Myeonggok",
                "Hwawon",
                "Daegok",
                "National Univ. of Education",
                "Myeong-deok",
                "Banwoldang",
                "Jungangno",
                "Gaksan",
                "Anism",
                "Sabok"
            ]
        }
    ],
    "stations":[
        {
            "name":"Yongji",
            "x":720.0,
            "y":660.0
        },
        {
            "name":"Namsan",
            "x":278.0,
            "y":387.0
        },
        {
            "name":"Sinmae",
            "x":570.0,
            "y":210.0
        },
        {
            "name":"Jeongpyeong",
            "x":660.0,
            "y":270.0
        },
        {
            "name":"National Univ. of Education",
            "x":300.0,
            "y":480.0
        },
        {
            "name":"Myeong-deok",
            "x":390.0,
            "y":390.0
        },
        {
            "name":"Munyang",
            "x":60.0,
            "y":420.0
        },
        {
            "name":"Bangogae",
            "x":150.0,
            "y":330.0
        },
        {
            "name":"Dasa",
            "x":60.0,
            "y":330.0
        },
        {
            "name":"Suseong Market",
            "x":540.0,
            "y":570.0
        },
        {
            "name":"Anism",
            "x":390.0,
            "y":60.0
        },
        {
            "name":"Hwawon",
            "x":300.0,
            "y":660.0
        },
        {
            "name":"Daegu Bank",
            "x":480.0,
            "y":270.0
        },
        {
            "name":"Daegok",
            "x":300.0,
            "y":570.0
        },
        {
            "name":"Banwoldang",
            "x":390.0,
            "y":330.0
        },
        {
            "name":"Sawol",
            "x":660.0,
            "y":210.0
        },
        {
            "name":"Jungangno",
            "x":390.0,
            "y":240.0
        },
        {
            "name":"Daebonggyo",
            "x":540.0,
            "y":480.0
        },
        {
            "name":"Yeungnam University",
            "x":780.0,
            "y":390.0
        },
        {
            "name":"Seolhwa-Myeonggok",
            "x":150.0,
            "y":660.0
        },
        {
            "name":"Jisan",
            "x":540.0,
            "y":660.0
        },
        {
            "name":"Geon-deulbawi",
            "x":540.0,
            "y":390.0
        },
        {
            "name":"Beommul",
            "x":630.0,
            "y":660.0
        },
        {
            "name":"Sabok",
            "x":510.0,
            "y":60.0
        },
        {
            "name":"Seomun Market",
            "x":180.0,
            "y":270.0
        },
        {
            "name":"KNU Medical Center",
            "x":60.0,
            "y":90.0
        },
        {
            "name":"Hakjeong",
            "x":60.0,
            "y":150.0
        },
        {
            "name":"Imdang",
            "x":720.0,
            "y":330.0
        },
        {
            "name":"Palgeo",
            "x":120.0,
            "y":210.0
        },
        {
            "name":"Gaksan",
            "x":390.0,
            "y":150.0
        },
        {
            "name":"Sinnam",
            "x":240.0,
            "y":330.0
        }
    ]
}