<?xml version="1.0" encoding="UTF-8"?>
<!--
    This XML file allows us to easily customize the look and language used
    in our program's user interface. Note that this properties file is only
    for the standard controls for an app from the SimpleAppFramework, so
    it would not include things initialized for the workspace, which is
    customizable.
-->
<properties>
    <property_list>
        <property name="APP_TITLE"	    value="Metro Map Maker"></property>
	<property name="APP_LOGO"	    value="mmmLogo.png"></property>
	<property name="APP_PATH_CSS"	    value="css/"></property>
	<property name="APP_CSS"	    value="mmm_style.css"></property>

        <!-- PREFERRED GEOMETRY -->
        <property name="PREF_WIDTH"         value="800"></property>
        <property name="PREF_HEIGHT"        value="600"></property>
        <property name="START_MAXIMIZED"    value="true"></property>
        
        <!-- PROGRAM IMAGE FILES -->
        <property name="GRID_IMAGE"	    value="Grid.png"></property>
        
        <!-- PROGRAM ICON FILES -->
        <property name="NEW_ICON"	    value="New.png"></property>
        <property name="LOAD_ICON"	    value="Load.png"></property>
        <property name="SAVE_ICON"	    value="Save.png"></property>
        <property name="SAVE_AS_ICON"	    value="SaveAs.png"></property>
        <property name="EXPORT_ICON"        value="Export.png"></property>          
        <property name="CUT_ICON"           value="Cut.png"></property>
        <property name="COPY_ICON"          value="Copy.png"></property>
        <property name="PASTE_ICON"         value="Paste.png"></property>
        <property name="UNDO_ICON"          value="Undo.png"></property>
        <property name="REDO_ICON"          value="Redo.png"></property>
        <property name="SETTINGS_ICON"      value="Settings.png"></property>                        
        <property name="ABOUT_ICON"         value="About.png"></property> 
        <property name="PLUS_ICON"          value="Plus.png"></property>
        <property name="MINUS_ICON"         value="Minus.png"></property>
        <property name="EDIT_ICON"          value="Edit.png"></property>
        <property name="LIST_ICON"          value="List.png"></property>
        <property name="ROTATE_ICON"        value="Rotate.png"></property>
        <property name="DIRECTION_ICON"     value="Direction.png"></property>       
        <property name="BOLD_ICON"          value="Bold.png"></property>
        <property name="ITALIC_ICON"        value="Italic.png"></property>
        <property name="ZOOMIN_ICON"        value="ZoomIn.png"></property>
        <property name="ZOOMOUT_ICON"       value="ZoomOut.png"></property>
        <property name="INCREASE_ICON"      value="Increase.png"></property>
        <property name="DECREASE_ICON"      value="Decrease.png"></property>       
        <property name="EXIT_ICON"          value="Exit.png"></property> 
        
        <!-- TOOLTIPS FOR BUTTONS -->
        <property name="NEW_TOOLTIP"                        value="Create a New Map"></property>
        <property name="LOAD_TOOLTIP"                       value="Load an Existing Map"></property>
        <property name="SAVE_TOOLTIP"                       value="Save this Map"></property>
        <property name="SAVE_AS_TOOLTIP"                    value="Save this Map in Different Name"></property>
        <property name="EXPORT_TOOLTIP"                     value="Export this Map"></property>          
        <property name="CUT_TOOLTIP"                        value="Cut Element"></property>
        <property name="COPY_TOOLTIP"                       value="Copy Element"></property>
        <property name="PASTE_TOOLTIP"                      value="Paste Element"></property>
        <property name="UNDO_TOOLTIP"                       value="Undo Edit"></property>
        <property name="REDO_TOOLTIP"                       value="Redo Edit"></property>
        <property name="SETTINGS_TOOLTIP"                   value="Settings"></property>                        
        <property name="ABOUT_TOOLTIP"                      value="About this Application"></property> 
        <property name="PLUS_TOOLTIP"                       value="Add"></property>
        <property name="MINUS_TOOLTIP"                      value="Remove"></property>
        <property name="EDIT_TOOLTIP"                       value="Edit Line"></property>
        <property name="LIST_TOOLTIP"                       value="List All Stations"></property>
        <property name="ROTATE_TOOLTIP"                     value="Rotate Station Label"></property>
        <property name="DIRECTION_TOOLTIP"                  value="Find Route"></property>       
        <property name="BOLD_TOOLTIP"                       value="Bold Label"></property>
        <property name="ITALIC_TOOLTIP"                     value="Italic Label"></property>
        <property name="ZOOMIN_TOOLTIP"                     value="Zoom In"></property>
        <property name="ZOOMOUT_TOOLTIP"                    value="Zoom Out"></property>
        <property name="INCREASE_TOOLTIP"                   value="Increase Map Size"></property>
        <property name="DECREASE_TOOLTIP"                   value="Decrease Map Size"></property>        
        <property name="EXIT_TOOLTIP"                       value="Exit the Application"></property>
                
        <!-- ERROR MESSAGES -->
        <property name="CLOSE_BUTTON_TEXT"              value="Close"></property>

        <property name="NEW_ERROR_MESSAGE"              value="An error occured creating New work."></property>
        <property name="NEW_ERROR_TITLE"		value="New Work Error"></property>
        <property name="LOAD_ERROR_MESSAGE"             value="An error occured loading work."></property>
        <property name="LOAD_ERROR_TITLE"		value="Load Work Error"></property>
        <property name="SAVE_ERROR_MESSAGE"             value="An error occured saving work."></property>
        <property name="SAVE_ERROR_TITLE"		value="Save Work Error"></property>
        <property name="PROPERTIES_LOAD_ERROR_MESSAGE"	value="An error occured loading a properties file."></property>	
        <property name="PROPERTIES_LOAD_ERROR_TITLE"	value="Properties File Loading Error"></property>
	
        <!-- VERIFICATION MESSAGES -->
	
        <property name="NEW_COMPLETED_MESSAGE"		value="New Work Ready for Editing"></property>
        <property name="NEW_COMPLETED_TITLE"		value="New Work Created"></property>
        <property name="LOAD_COMPLETED_MESSAGE"		value="File Loading Completed and ready for editing"></property>
        <property name="LOAD_COMPLETED_TITLE"		value="Loading Completed"></property>
        <property name="SAVE_COMPLETED_MESSAGE"		value="File Saving Completed. The default directory is work(./work/) at the program directory"></property>
        <property name="SAVE_COMPLETED_TITLE"		value="Saving Completed"></property>
        <property name="EXPORT_COMPLETED_MESSAGE"       value="File Successfully Exported to the Work Directory(./work/)"></property>
        <property name="EXPORT_COMPLETED_TITLE"         value="Exporting Completed"></property>
        <property name="SAVE_UNSAVED_WORK_MESSAGE"	value="Would you like to save your unsaved work first?"></property>
        <property name="SAVE_UNSAVED_WORK_TITLE"	value="Save unsaved work?"></property>
	
        <property name="NEW_CREATED_MESSAGE"		value="New Work Created but not yet Saved"></property>
        <property name="WORK_LOADED_MESSAGE"		value="The Work has been Loaded"></property>
        <property name="WORK_SAVED_MESSAGE"		value="The Work has been Saved"></property>
        <property name="SAVE_UNSAVED_WORK_MESSAGE"	value="Do you want to save your unsaved work first?"></property>
	<property name="SAVE_WORK_TITLE"		value="Save your work"></property>
        <property name="SAVE_AS_WORK_TITLE"		value="Save your work in different name"></property>
	<property name="LOAD_WORK_TITLE"		value="Select work file to load"></property>
        <property name="EXPORT_WORK_TITLE"              value="Export your work"></property>
        <property name="EXPORT_FILE_EXT"                value=".json"></property>
        <property name="EXPORT_IMAGE_EXT"               value=".png"></property>
        <property name="SAVE_FILE_EXT"			value=".mmm"></property>
	<property name="SAVE_AS_FILE_EXT"               value="*.mmm"></property>
	<property name="SAVE_AS_FILE_EXT_DESC"          value="Metro Map Maker Files"></property>

        <!-- PROGRAM ICON FILES -->
	<property name="SELECTION_TOOL_ICON"	value="SelectionTool.png"></property>
	<property name="REMOVE_ICON"		value="Remove.png"></property>
        
        <!-- TOOLTIPS FOR BUTTONS -->
	<property name="SELECTION_TOOL_TOOLTIP"	    value="Use Shape Selection Tool"></property>
        <property name="REMOVE_ELEMENT_TOOLTIP"	    value="Remove Element"></property>
	<property name="BACKGROUND_TOOLTIP"	    value="Select Background Color"></property>
	<property name="FILL_TOOLTIP"		    value="Select Fill Color"></property>
	<property name="OUTLINE_TOOLTIP"	    value="Select Outline Color"></property>
	
	<!-- MESSAGES -->
	<property name="REMOVE_ELEMENT_MESSAGE"	    value="Are you sure you wish to remove that element?"></property>
		
	<!-- ERROR MESSAGES AND TITLES FOR THEIR DIALOGS -->
	<property name="ATTRIBUTE_UPDATE_ERROR_MESSAGE"	    value="WARNING: An error occured updating the element's attribute."></property>
	<property name="ATTRIBUTE_UPDATE_ERROR_TITLE"	    value="Attribute Update Error"></property>
	<property name="UPDATE_ERROR_MESSAGE"		    value="An error occured updating the UI"></property>
	<property name="UPDATE_ERROR_TITLE"		    value="UI Update Error"></property>
                
    </property_list>
    <property_options_list>
    </property_options_list>
</properties>